_id,id,photo,name,names,price,shoujia,hudong
ObjectID(5c8f122e2943c326982d6e28),2,"https://img.epetht.com/nowater/cates/2014-03/24/3512594b71a2efd14b5c5925848d2e5a.jpg","福来恩 猫吃专用猫粮 吃到你怀疑人生 ","2包装",99,1,70
ObjectID(5c8f0f322943c326982d6e27),1,"https://img2.epetbar.com/nowater/cates/2014-03/24/7c5a98693e887781c24faf0309b813db.jpg","福来恩 猫用增效滴剂 加强版  超强版","3盒装",132,2,98
ObjectID(5c8f153b2943c326982d6e29),3,"https://img2.epetbar.com/nowater/cates/2014-03/24/7c5a98693e887781c24faf0309b813db.jpg","福来恩 宠物非波罗 尼喷剂 2日龄以上","100ml",79,1,
ObjectID(5c8f15ba2943c326982d6e2a),4,"https://img2.epetbar.com/nowater/cates/2014-03/24/7c5a98693e887781c24faf0309b813db.jpg","福来恩 宠物非波罗 尼喷剂 2日龄以上","100ml",79,1,
ObjectID(5c8f16582943c326982d6e2b),5,"https://img1.epetbar.com/2018-06/27/13/13c24a7fceae66092cd3e61ae60498d2.jpg@!300w-b"," 福来恩猫用增效滴剂 加强版","3支/盒",135,2,
ObjectID(5c8f17142943c326982d6e2c),6,"https://img1.epetbar.com/2018-03/26/11/4fe31e55a282725758602024622593ae.jpg@!300w-b"," 法国梅里亚 福来恩非波罗尼猫用 "," 双效合一",140,2,
ObjectID(5c8f179e2943c326982d6e2d),7,"https://img1.epetbar.com/2018-03/26/11/4fe31e55a282725758602024622593ae.jpg@!300w-b"," 法国梅里亚 福来恩非波罗尼猫用 "," 双效合一",140,2,
ObjectID(5c8f17b02943c326982d6e2e),8,"https://img1.epetbar.com/2016-02/20/12/aee91c98a2e7c6e8c27af9e1b2a421ff.jpg@!300w-b"," 法国梅里亚 福来恩非波罗尼猫用 "," 双效合一",140,2,
ObjectID(5c8f17cd2943c326982d6e2f),11,"https://img1.epetbar.com/2015-10/23/18/e3d75865fa3f62a428c407ab6812cb4a.jpg@!300w-b"," 法国梅里亚 福来恩非波罗尼猫用 "," 双效合一",140,2,
ObjectID(5c8f17fd2943c326982d6e30),10,"https://img1.epetbar.com/2018-12/13/14/c60f5e427fbe54ac54a375557f8d8e81.jpg@!300w-b","福来恩 宠物非波罗 尼喷剂 2日龄以上","100ml",79,1,
ObjectID(5c8f1ffa2943c326982d6e31),9,"https://img1.epetbar.com/2015-10/23/18/e3d75865fa3f62a428c407ab6812cb4a.jpg@!300w-b"," 法国梅里亚 福来恩非波罗尼猫用 "," 双效合一",140,2,
ObjectID(5c8f200c2943c326982d6e32),12,"https://img1.epetbar.com/2018-12/07/09/5f3edfa7b5c77ef4a5474a2e12c04545.jpg@!300w-b"," 法国梅里亚 福来恩非波罗尼猫用 "," 双效合一",140,2,
ObjectID(5c8f20722943c326982d6e33),13,"https://img2.epetbar.com/nowater/2016-08/12/16/f3173a107b1a5c7e96c2fd5c77a56079.jpg"," 法国梅里亚 福来恩非波罗尼猫用 "," 双效合一",140,2,
ObjectID(5c8f20832943c326982d6e34),14,"https://img2.epetbar.com/nowater/2016-08/12/16/44624daf23ca881b1b21cf5de3c08e4e.jpg"," 法国梅里亚 福来恩非波罗尼猫用 "," 双效合一",140,2,
ObjectID(5c8f20952943c326982d6e35),15,"https://img1.epetbar.com/2018-12/07/09/fa84631ce1206beebe805482f3f6d50f.jpg@!300w-b"," 法国梅里亚 福来恩非波罗尼猫用 "," 双效合一",140,2,
ObjectID(5c8f20be2943c326982d6e36),16,"https://img1.epetbar.com/2018-06/12/13/900489656de7177e6af74ad3197e35ce.jpg@!300w-b","福来恩 猫吃专用猫粮 吃到你怀疑人生 ","2包装",99,1,70
ObjectID(5c8f20e72943c326982d6e37),17,"https://img1.epetbar.com/2018-06/20/15/5c52201ca11106e2e866545a6beb3084.jpg@!300w-b"," 法国梅里亚 福来恩非波罗尼猫用 "," 双效合一",140,2,
ObjectID(5c8f20ef2943c326982d6e38),18,"https://img1.epetbar.com/2018-06/20/15/5c52201ca11106e2e866545a6beb3084.jpg@!300w-b"," 法国梅里亚 福来恩非波罗尼猫用 "," 双效合一",140,2,
ObjectID(5c8f20f92943c326982d6e39),19,"https://img1.epetbar.com/2018-06/20/15/5c52201ca11106e2e866545a6beb3084.jpg@!300w-b"," 法国梅里亚 福来恩非波罗尼猫用 "," 双效合一",140,2,
ObjectID(5c8f21022943c326982d6e3a),20,"https://img1.epetbar.com/2018-06/20/15/5c52201ca11106e2e866545a6beb3084.jpg@!300w-b"," 法国梅里亚 福来恩非波罗尼猫用 "," 双效合一",140,2,
